county,tract,bg,state,pumano,stateabb,countyname
bigint,bigint,bigint,bigint,bigint,text,text
61,20200,0,6,1601,CA,Placer
61,20300,0,6,1601,CA,Placer
61,20401,0,6,1601,CA,Placer
61,20402,0,6,1601,CA,Placer
61,20501,0,6,1601,CA,Placer
61,20502,0,6,1601,CA,Placer
61,20601,0,6,1601,CA,Placer
61,20602,0,6,1601,CA,Placer
61,20604,0,6,1601,CA,Placer
61,20605,0,6,1601,CA,Placer
61,20606,0,6,1601,CA,Placer
61,20710,0,6,1602,CA,Placer
61,20711,0,6,1602,CA,Placer
61,20712,0,6,1602,CA,Placer
61,20713,0,6,1602,CA,Placer
61,20714,0,6,1602,CA,Placer
61,20715,0,6,1602,CA,Placer
61,20717,0,6,1602,CA,Placer
61,20805,0,6,1602,CA,Placer
61,20806,0,6,1602,CA,Placer
61,20901,0,6,1602,CA,Placer
61,20908,0,6,1602,CA,Placer
61,21003,0,6,1602,CA,Placer
61,21034,0,6,1601,CA,Placer
61,21035,0,6,1602,CA,Placer
61,21037,0,6,1602,CA,Placer
61,21038,0,6,1602,CA,Placer
61,21039,0,6,1602,CA,Placer
61,21040,0,6,1602,CA,Placer
61,21043,0,6,1602,CA,Placer
61,21044,0,6,1602,CA,Placer
61,21045,0,6,1602,CA,Placer
61,21046,0,6,1602,CA,Placer
61,21103,0,6,1602,CA,Placer
61,21106,0,6,1602,CA,Placer
61,21108,0,6,1601,CA,Placer
61,21109,0,6,1602,CA,Placer
61,21122,0,6,1602,CA,Placer
61,21123,0,6,1602,CA,Placer
61,21128,0,6,1602,CA,Placer
61,21129,0,6,1602,CA,Placer
61,21130,0,6,1602,CA,Placer
61,21131,0,6,1602,CA,Placer
61,21203,0,6,1601,CA,Placer
61,21204,0,6,1601,CA,Placer
61,21304,0,6,1601,CA,Placer
61,21309,0,6,1601,CA,Placer
61,21322,0,6,1601,CA,Placer
61,21401,0,6,1601,CA,Placer
61,21403,0,6,1601,CA,Placer
61,21501,0,6,1601,CA,Placer
61,21502,0,6,1601,CA,Placer
61,21603,0,6,1601,CA,Placer
61,21604,0,6,1601,CA,Placer
61,21801,0,6,1601,CA,Placer
61,21802,0,6,1601,CA,Placer
61,21901,0,6,1601,CA,Placer
61,21902,0,6,1601,CA,Placer
61,22002,0,6,1601,CA,Placer
61,22011,0,6,1601,CA,Placer
61,22013,0,6,1601,CA,Placer
61,22014,0,6,1601,CA,Placer
61,22400,0,6,1602,CA,Placer
61,22500,0,6,1602,CA,Placer
61,22600,0,6,1601,CA,Placer
61,22800,0,6,1601,CA,Placer
61,22900,0,6,1602,CA,Placer
61,23000,0,6,1602,CA,Placer
61,23100,0,6,1602,CA,Placer
61,23200,0,6,1601,CA,Placer
61,23300,0,6,1601,CA,Placer
61,23400,0,6,1601,CA,Placer
61,23500,0,6,1601,CA,Placer
61,23600,0,6,1601,CA,Placer
61,23700,0,6,1601,CA,Placer
61,23800,0,6,1601,CA,Placer
61,23900,0,6,1601,CA,Placer
67,100,0,6,1402,CA,Sacramento
67,200,0,6,1402,CA,Sacramento
67,300,0,6,1402,CA,Sacramento
67,400,0,6,1401,CA,Sacramento
67,500,0,6,1401,CA,Sacramento
67,600,0,6,1401,CA,Sacramento
67,700,0,6,1401,CA,Sacramento
67,800,0,6,1401,CA,Sacramento
67,1101,0,6,1401,CA,Sacramento
67,1200,0,6,1401,CA,Sacramento
67,1300,0,6,1401,CA,Sacramento
67,1400,0,6,1401,CA,Sacramento
67,1500,0,6,1402,CA,Sacramento
67,1600,0,6,1402,CA,Sacramento
67,1700,0,6,1402,CA,Sacramento
67,1800,0,6,1402,CA,Sacramento
67,1900,0,6,1401,CA,Sacramento
67,2000,0,6,1401,CA,Sacramento
67,2100,0,6,1401,CA,Sacramento
67,2200,0,6,1403,CA,Sacramento
67,2300,0,6,1403,CA,Sacramento
67,2400,0,6,1403,CA,Sacramento
67,2500,0,6,1403,CA,Sacramento
67,2600,0,6,1403,CA,Sacramento
67,2700,0,6,1402,CA,Sacramento
67,2800,0,6,1402,CA,Sacramento
67,2900,0,6,1402,CA,Sacramento
67,3000,0,6,1402,CA,Sacramento
67,3101,0,6,1402,CA,Sacramento
67,3102,0,6,1402,CA,Sacramento
67,3202,0,6,1402,CA,Sacramento
67,3203,0,6,1402,CA,Sacramento
67,3204,0,6,1402,CA,Sacramento
67,3300,0,6,1403,CA,Sacramento
67,3400,0,6,1403,CA,Sacramento
67,3501,0,6,1403,CA,Sacramento
67,3502,0,6,1403,CA,Sacramento
67,3600,0,6,1403,CA,Sacramento
67,3700,0,6,1402,CA,Sacramento
67,3800,0,6,1403,CA,Sacramento
67,3900,0,6,1403,CA,Sacramento
67,4001,0,6,1403,CA,Sacramento
67,4004,0,6,1403,CA,Sacramento
67,4005,0,6,1403,CA,Sacramento
67,4006,0,6,1403,CA,Sacramento
67,4008,0,6,1403,CA,Sacramento
67,4009,0,6,1403,CA,Sacramento
67,4010,0,6,1403,CA,Sacramento
67,4011,0,6,1403,CA,Sacramento
67,4012,0,6,1403,CA,Sacramento
67,4100,0,6,1403,CA,Sacramento
67,4201,0,6,1403,CA,Sacramento
67,4202,0,6,1403,CA,Sacramento
67,4203,0,6,1403,CA,Sacramento
67,4300,0,6,1403,CA,Sacramento
67,4401,0,6,1402,CA,Sacramento
67,4402,0,6,1505,CA,Sacramento
67,4501,0,6,1403,CA,Sacramento
67,4502,0,6,1403,CA,Sacramento
67,4601,0,6,1505,CA,Sacramento
67,4602,0,6,1505,CA,Sacramento
67,4701,0,6,1505,CA,Sacramento
67,4702,0,6,1505,CA,Sacramento
67,4801,0,6,1402,CA,Sacramento
67,4802,0,6,1402,CA,Sacramento
67,4903,0,6,1403,CA,Sacramento
67,4904,0,6,1403,CA,Sacramento
67,4905,0,6,1403,CA,Sacramento
67,4906,0,6,1403,CA,Sacramento
67,5001,0,6,1505,CA,Sacramento
67,5002,0,6,1505,CA,Sacramento
67,5101,0,6,1505,CA,Sacramento
67,5102,0,6,1505,CA,Sacramento
67,5201,0,6,1402,CA,Sacramento
67,5202,0,6,1402,CA,Sacramento
67,5204,0,6,1402,CA,Sacramento
67,5205,0,6,1402,CA,Sacramento
67,5301,0,6,1401,CA,Sacramento
67,5402,0,6,1402,CA,Sacramento
67,5403,0,6,1402,CA,Sacramento
67,5404,0,6,1504,CA,Sacramento
67,5502,0,6,1402,CA,Sacramento
67,5505,0,6,1504,CA,Sacramento
67,5506,0,6,1504,CA,Sacramento
67,5508,0,6,1504,CA,Sacramento
67,5509,0,6,1504,CA,Sacramento
67,5510,0,6,1504,CA,Sacramento
67,5601,0,6,1504,CA,Sacramento
67,5605,0,6,1504,CA,Sacramento
67,5606,0,6,1504,CA,Sacramento
67,5701,0,6,1504,CA,Sacramento
67,5702,0,6,1504,CA,Sacramento
67,5801,0,6,1504,CA,Sacramento
67,5803,0,6,1504,CA,Sacramento
67,5804,0,6,1504,CA,Sacramento
67,5901,0,6,1504,CA,Sacramento
67,5903,0,6,1504,CA,Sacramento
67,5904,0,6,1504,CA,Sacramento
67,6002,0,6,1504,CA,Sacramento
67,6003,0,6,1504,CA,Sacramento
67,6004,0,6,1504,CA,Sacramento
67,6101,0,6,1504,CA,Sacramento
67,6102,0,6,1504,CA,Sacramento
67,6201,0,6,1504,CA,Sacramento
67,6202,0,6,1402,CA,Sacramento
67,6300,0,6,1401,CA,Sacramento
67,6400,0,6,1401,CA,Sacramento
67,6500,0,6,1401,CA,Sacramento
67,6600,0,6,1401,CA,Sacramento
67,6701,0,6,1401,CA,Sacramento
67,6702,0,6,1401,CA,Sacramento
67,6800,0,6,1401,CA,Sacramento
67,6900,0,6,1401,CA,Sacramento
67,7001,0,6,1401,CA,Sacramento
67,7004,0,6,1401,CA,Sacramento
67,7007,0,6,1401,CA,Sacramento
67,7010,0,6,1401,CA,Sacramento
67,7011,0,6,1401,CA,Sacramento
67,7012,0,6,1401,CA,Sacramento
67,7013,0,6,1401,CA,Sacramento
67,7014,0,6,1401,CA,Sacramento
67,7015,0,6,1501,CA,Sacramento
67,7016,0,6,1501,CA,Sacramento
67,7017,0,6,1501,CA,Sacramento
67,7018,0,6,1501,CA,Sacramento
67,7019,0,6,1501,CA,Sacramento
67,7020,0,6,1401,CA,Sacramento
67,7101,0,6,1501,CA,Sacramento
67,7102,0,6,1501,CA,Sacramento
67,7103,0,6,1501,CA,Sacramento
67,7104,0,6,1501,CA,Sacramento
67,7105,0,6,1501,CA,Sacramento
67,7106,0,6,1501,CA,Sacramento
67,7107,0,6,1501,CA,Sacramento
67,7202,0,6,1501,CA,Sacramento
67,7204,0,6,1401,CA,Sacramento
67,7206,0,6,1501,CA,Sacramento
67,7207,0,6,1501,CA,Sacramento
67,7208,0,6,1501,CA,Sacramento
67,7209,0,6,1501,CA,Sacramento
67,7301,0,6,1501,CA,Sacramento
67,7402,0,6,1501,CA,Sacramento
67,7403,0,6,1501,CA,Sacramento
67,7406,0,6,1501,CA,Sacramento
67,7413,0,6,1501,CA,Sacramento
67,7414,0,6,1501,CA,Sacramento
67,7415,0,6,1501,CA,Sacramento
67,7416,0,6,1501,CA,Sacramento
67,7417,0,6,1501,CA,Sacramento
67,7421,0,6,1501,CA,Sacramento
67,7422,0,6,1501,CA,Sacramento
67,7423,0,6,1501,CA,Sacramento
67,7424,0,6,1501,CA,Sacramento
67,7426,0,6,1501,CA,Sacramento
67,7427,0,6,1501,CA,Sacramento
67,7428,0,6,1501,CA,Sacramento
67,7429,0,6,1501,CA,Sacramento
67,7430,0,6,1501,CA,Sacramento
67,7431,0,6,1501,CA,Sacramento
67,7432,0,6,1501,CA,Sacramento
67,7433,0,6,1501,CA,Sacramento
67,7501,0,6,1501,CA,Sacramento
67,7503,0,6,1501,CA,Sacramento
67,7504,0,6,1501,CA,Sacramento
67,7601,0,6,1504,CA,Sacramento
67,7602,0,6,1504,CA,Sacramento
67,7701,0,6,1504,CA,Sacramento
67,7702,0,6,1504,CA,Sacramento
67,7801,0,6,1503,CA,Sacramento
67,7802,0,6,1503,CA,Sacramento
67,7903,0,6,1503,CA,Sacramento
67,7904,0,6,1503,CA,Sacramento
67,7905,0,6,1503,CA,Sacramento
67,7906,0,6,1503,CA,Sacramento
67,8005,0,6,1503,CA,Sacramento
67,8006,0,6,1503,CA,Sacramento
67,8007,0,6,1503,CA,Sacramento
67,8008,0,6,1503,CA,Sacramento
67,8009,0,6,1503,CA,Sacramento
67,8010,0,6,1503,CA,Sacramento
67,8111,0,6,1502,CA,Sacramento
67,8113,0,6,1502,CA,Sacramento
67,8117,0,6,1503,CA,Sacramento
67,8119,0,6,1503,CA,Sacramento
67,8120,0,6,1502,CA,Sacramento
67,8122,0,6,1503,CA,Sacramento
67,8124,0,6,1502,CA,Sacramento
67,8125,0,6,1502,CA,Sacramento
67,8127,0,6,1502,CA,Sacramento
67,8128,0,6,1502,CA,Sacramento
67,8129,0,6,1502,CA,Sacramento
67,8130,0,6,1501,CA,Sacramento
67,8131,0,6,1502,CA,Sacramento
67,8132,0,6,1502,CA,Sacramento
67,8133,0,6,1502,CA,Sacramento
67,8134,0,6,1503,CA,Sacramento
67,8135,0,6,1502,CA,Sacramento
67,8136,0,6,1502,CA,Sacramento
67,8137,0,6,1503,CA,Sacramento
67,8138,0,6,1503,CA,Sacramento
67,8139,0,6,1503,CA,Sacramento
67,8140,0,6,1502,CA,Sacramento
67,8141,0,6,1502,CA,Sacramento
67,8142,0,6,1502,CA,Sacramento
67,8143,0,6,1502,CA,Sacramento
67,8144,0,6,1502,CA,Sacramento
67,8145,0,6,1502,CA,Sacramento
67,8203,0,6,1503,CA,Sacramento
67,8204,0,6,1503,CA,Sacramento
67,8206,0,6,1503,CA,Sacramento
67,8207,0,6,1503,CA,Sacramento
67,8208,0,6,1503,CA,Sacramento
67,8209,0,6,1503,CA,Sacramento
67,8210,0,6,1503,CA,Sacramento
67,8211,0,6,1503,CA,Sacramento
67,8402,0,6,1503,CA,Sacramento
67,8403,0,6,1503,CA,Sacramento
67,8404,0,6,1503,CA,Sacramento
67,8501,0,6,1503,CA,Sacramento
67,8504,0,6,1503,CA,Sacramento
67,8505,0,6,1503,CA,Sacramento
67,8506,0,6,1503,CA,Sacramento
67,8507,0,6,1503,CA,Sacramento
67,8508,0,6,1503,CA,Sacramento
67,8509,0,6,1503,CA,Sacramento
67,8510,0,6,1503,CA,Sacramento
67,8512,0,6,1503,CA,Sacramento
67,8513,0,6,1503,CA,Sacramento
67,8600,0,6,1506,CA,Sacramento
67,8702,0,6,1503,CA,Sacramento
67,8703,0,6,1503,CA,Sacramento
67,8704,0,6,1503,CA,Sacramento
67,8705,0,6,1503,CA,Sacramento
67,8801,0,6,1506,CA,Sacramento
67,8905,0,6,1504,CA,Sacramento
67,8907,0,6,1504,CA,Sacramento
67,8908,0,6,1504,CA,Sacramento
67,8909,0,6,1504,CA,Sacramento
67,8910,0,6,1504,CA,Sacramento
67,8911,0,6,1504,CA,Sacramento
67,8912,0,6,1504,CA,Sacramento
67,8913,0,6,1504,CA,Sacramento
67,9004,0,6,1506,CA,Sacramento
67,9005,0,6,1506,CA,Sacramento
67,9006,0,6,1506,CA,Sacramento
67,9007,0,6,1506,CA,Sacramento
67,9008,0,6,1506,CA,Sacramento
67,9010,0,6,1506,CA,Sacramento
67,9011,0,6,1506,CA,Sacramento
67,9103,0,6,1506,CA,Sacramento
67,9105,0,6,1504,CA,Sacramento
67,9106,0,6,1504,CA,Sacramento
67,9107,0,6,1504,CA,Sacramento
67,9108,0,6,1504,CA,Sacramento
67,9109,0,6,1504,CA,Sacramento
67,9110,0,6,1504,CA,Sacramento
67,9111,0,6,1506,CA,Sacramento
67,9112,0,6,1506,CA,Sacramento
67,9201,0,6,1506,CA,Sacramento
67,9307,0,6,1505,CA,Sacramento
67,9308,0,6,1505,CA,Sacramento
67,9309,0,6,1505,CA,Sacramento
67,9310,0,6,1505,CA,Sacramento
67,9311,0,6,1506,CA,Sacramento
67,9312,0,6,1506,CA,Sacramento
67,9314,0,6,1505,CA,Sacramento
67,9316,0,6,1505,CA,Sacramento
67,9317,0,6,1505,CA,Sacramento
67,9318,0,6,1505,CA,Sacramento
67,9319,0,6,1505,CA,Sacramento
67,9320,0,6,1505,CA,Sacramento
67,9321,0,6,1505,CA,Sacramento
67,9322,0,6,1505,CA,Sacramento
67,9323,0,6,1505,CA,Sacramento
67,9324,0,6,1506,CA,Sacramento
67,9325,0,6,1506,CA,Sacramento
67,9326,0,6,1506,CA,Sacramento
67,9328,0,6,1506,CA,Sacramento
67,9329,0,6,1506,CA,Sacramento
67,9330,0,6,1506,CA,Sacramento
67,9331,0,6,1506,CA,Sacramento
67,9332,0,6,1506,CA,Sacramento
67,9403,0,6,1506,CA,Sacramento
67,9404,0,6,1506,CA,Sacramento
67,9406,0,6,1506,CA,Sacramento
67,9407,0,6,1506,CA,Sacramento
67,9408,0,6,1506,CA,Sacramento
67,9501,0,6,1506,CA,Sacramento
67,9502,0,6,1506,CA,Sacramento
67,9503,0,6,1506,CA,Sacramento
67,9504,0,6,1506,CA,Sacramento
67,9601,0,6,1403,CA,Sacramento
67,9606,0,6,1403,CA,Sacramento
67,9608,0,6,1403,CA,Sacramento
67,9609,0,6,1403,CA,Sacramento
67,9610,0,6,1403,CA,Sacramento
67,9611,0,6,1505,CA,Sacramento
67,9612,0,6,1505,CA,Sacramento
67,9614,0,6,1505,CA,Sacramento
67,9615,0,6,1505,CA,Sacramento
67,9616,0,6,1505,CA,Sacramento
67,9617,0,6,1505,CA,Sacramento
67,9618,0,6,1505,CA,Sacramento
67,9619,0,6,1505,CA,Sacramento
67,9622,0,6,1506,CA,Sacramento
67,9630,0,6,1506,CA,Sacramento
67,9632,0,6,1506,CA,Sacramento
67,9633,0,6,1403,CA,Sacramento
67,9634,0,6,1403,CA,Sacramento
67,9635,0,6,1506,CA,Sacramento
67,9636,0,6,1506,CA,Sacramento
67,9637,0,6,1506,CA,Sacramento
67,9638,0,6,1506,CA,Sacramento
67,9639,0,6,1505,CA,Sacramento
67,9800,0,6,1506,CA,Sacramento
67,9900,0,6,1506,CA,Sacramento
67,988300,0,6,1503,CA,Sacramento
101,50101,0,6,800,CA,Sutter
101,50102,0,6,800,CA,Sutter
101,50201,0,6,800,CA,Sutter
101,50202,0,6,800,CA,Sutter
101,50301,0,6,800,CA,Sutter
101,50302,0,6,800,CA,Sutter
101,50401,0,6,800,CA,Sutter
101,50402,0,6,800,CA,Sutter
101,50403,0,6,800,CA,Sutter
101,50501,0,6,800,CA,Sutter
101,50503,0,6,800,CA,Sutter
101,50504,0,6,800,CA,Sutter
101,50601,0,6,800,CA,Sutter
101,50603,0,6,800,CA,Sutter
101,50604,0,6,800,CA,Sutter
101,50701,0,6,800,CA,Sutter
101,50702,0,6,800,CA,Sutter
101,50800,0,6,800,CA,Sutter
101,50900,0,6,800,CA,Sutter
101,51000,0,6,800,CA,Sutter
101,51100,0,6,800,CA,Sutter
113,10101,0,6,900,CA,Yolo
113,10102,0,6,900,CA,Yolo
113,10201,0,6,900,CA,Yolo
113,10203,0,6,900,CA,Yolo
113,10204,0,6,900,CA,Yolo
113,10302,0,6,900,CA,Yolo
113,10310,0,6,900,CA,Yolo
113,10312,0,6,900,CA,Yolo
113,10401,0,6,900,CA,Yolo
113,10402,0,6,900,CA,Yolo
113,10501,0,6,900,CA,Yolo
113,10505,0,6,900,CA,Yolo
113,10508,0,6,900,CA,Yolo
113,10509,0,6,900,CA,Yolo
113,10510,0,6,900,CA,Yolo
113,10511,0,6,900,CA,Yolo
113,10512,0,6,900,CA,Yolo
113,10513,0,6,900,CA,Yolo
113,10602,0,6,900,CA,Yolo
113,10605,0,6,900,CA,Yolo
113,10606,0,6,900,CA,Yolo
113,10607,0,6,900,CA,Yolo
113,10608,0,6,900,CA,Yolo
113,10701,0,6,900,CA,Yolo
113,10703,0,6,900,CA,Yolo
113,10704,0,6,900,CA,Yolo
113,10800,0,6,900,CA,Yolo
113,10901,0,6,900,CA,Yolo
113,10902,0,6,900,CA,Yolo
113,11001,0,6,900,CA,Yolo
113,11002,0,6,900,CA,Yolo
113,11101,0,6,900,CA,Yolo
113,11102,0,6,900,CA,Yolo
113,11103,0,6,900,CA,Yolo
113,11203,0,6,900,CA,Yolo
113,11204,0,6,900,CA,Yolo
113,11205,0,6,900,CA,Yolo
113,11206,0,6,900,CA,Yolo
113,11300,0,6,900,CA,Yolo
113,11400,0,6,900,CA,Yolo
113,11500,0,6,900,CA,Yolo
115,40100,0,6,800,CA,Yuba
115,40200,0,6,800,CA,Yuba
115,40301,0,6,800,CA,Yuba
115,40302,0,6,800,CA,Yuba
115,40303,0,6,800,CA,Yuba
115,40400,0,6,800,CA,Yuba
115,40500,0,6,800,CA,Yuba
115,40600,0,6,800,CA,Yuba
115,40700,0,6,800,CA,Yuba
115,40800,0,6,800,CA,Yuba
115,40901,0,6,800,CA,Yuba
115,40902,0,6,800,CA,Yuba
115,41000,0,6,800,CA,Yuba
115,41100,0,6,800,CA,Yuba
17,30601,0,6,1700,CA,El Dorado
17,30602,0,6,1700,CA,El Dorado
17,30603,0,6,1700,CA,El Dorado
17,30701,0,6,1700,CA,El Dorado
17,30704,0,6,1700,CA,El Dorado
17,30706,0,6,1700,CA,El Dorado
17,30709,0,6,1700,CA,El Dorado
17,30710,0,6,1700,CA,El Dorado
17,30801,0,6,1700,CA,El Dorado
17,30803,0,6,1700,CA,El Dorado
17,30804,0,6,1700,CA,El Dorado
17,30807,0,6,1700,CA,El Dorado
17,30808,0,6,1700,CA,El Dorado
17,30809,0,6,1700,CA,El Dorado
17,30810,0,6,1700,CA,El Dorado
17,30901,0,6,1700,CA,El Dorado
17,30902,0,6,1700,CA,El Dorado
17,31000,0,6,1700,CA,El Dorado
17,31100,0,6,1700,CA,El Dorado
17,31200,0,6,1700,CA,El Dorado
17,31301,0,6,1700,CA,El Dorado
17,31302,0,6,1700,CA,El Dorado
17,31402,0,6,1700,CA,El Dorado
17,31404,0,6,1700,CA,El Dorado
17,31405,0,6,1700,CA,El Dorado
17,31406,0,6,1700,CA,El Dorado
17,31502,0,6,1700,CA,El Dorado
17,31503,0,6,1700,CA,El Dorado
17,31504,0,6,1700,CA,El Dorado
17,31700,0,6,1700,CA,El Dorado
17,31800,0,6,1700,CA,El Dorado
17,31900,0,6,1700,CA,El Dorado
